stream;display;offset;poc;type;time;size;quant;pts;pts time;dts;dts time;epsnr;distribution (bits);total;mb_skip;mb_field_decoding_flag;mb_type;sub_mb_type;prediction;pred_mode_flag;pred_mode;inter_prediction;transform;coded_block_pattern;transform_size_8x8_flag;mb_qp_delta;transform;pcm_data;
0;0;0x0000000I64X;0;I;00:00:00:000;48518;23;;;;;39.808313;;388 144;0;0;2 020;0;;15 997;39 333;0;;0;1 322;4 719;312 713;0;
1;2;0x0000000I64X;4;P;00:00:00:066;183;23;;;;;39.249935;;1 464;300;0;75;0;;4;5;480;;100;1;93;139;0;
2;1;0x0000000I64X;2;B;00:00:00:033;91;28;;;;;43.490838;;728;287;0;40;0;;0;0;145;;22;0;0;0;0;
3;6;0x0000000I64X;12;P;00:00:00:200;6231;24;;;;;35.280779;;49 848;632;0;2 083;0;;24;76;10 582;;5 954;5;3 901;25 387;0;
4;4;0x0000000I64X;8;B;00:00:00:133;1910;26;;;;;39.383215;;15 280;404;0;2 533;0;;7;27;7 372;;1 648;64;735;1 769;0;
5;3;0x0000000I64X;6;B;00:00:00:100;1204;26;;;;;41.168118;;9 632;455;0;2 389;0;;0;2;5 251;;453;4;101;164;0;
6;5;0x0000000I64X;10;B;00:00:00:166;719;30;;;;;39.734979;;5 752;1 027;0;928;0;;3;2;2 468;;207;2;54;64;0;
7;10;0x0000000I64X;20;P;00:00:00:333;4949;25;;;;;38.067612;;39 592;778;0;2 048;0;;33;103;11 265;;4 462;3;2 935;16 679;0;
8;8;0x0000000I64X;16;B;00:00:00:266;2027;27;;;;;38.574287;;16 216;510;0;2 379;0;;0;0;6 640;;1 874;86;863;2 936;0;
9;7;0x0000000I64X;14;B;00:00:00:233;1274;27;;;;;40.694860;;10 192;547;0;2 105;0;;0;0;4 487;;948;18;330;765;0;
10;9;0x0000000I64X;18;B;00:00:00:300;868;27;;;;;37.944199;;6 944;1 043;0;1 134;0;;8;6;2 870;;359;12;118;372;0;
11;14;0x0000000I64X;28;P;00:00:00:466;10547;25;;;;;35.885495;;84 376;450;0;3 287;0;;750;2 125;17 631;;5 528;130;4 460;47 990;0;
12;12;0x0000000I64X;24;B;00:00:00:400;3135;27;;;;;37.917520;;25 080;594;0;3 795;0;;53;103;9 846;;2 576;196;1 256;5 512;0;
13;11;0x0000000I64X;22;B;00:00:00:366;1882;28;;;;;38.583054;;15 056;463;0;2 493;0;;0;2;7 206;;1 414;52;625;1 969;0;
14;13;0x0000000I64X;26;B;00:00:00:433;1074;29;;;;;36.648356;;8 592;1 047;0;1 445;0;;4;11;3 673;;476;20;170;812;0;
15;16;0x0000000I64X;32;P;00:00:00:533;9018;25;;;;;37.931258;;72 144;563;0;3 163;0;;878;2 594;13 445;;4 872;159;4 081;40 217;0;
16;15;0x0000000I64X;30;B;00:00:00:500;1796;27;;;;;39.127500;;14 368;712;0;2 969;0;;12;25;7 320;;933;33;386;908;0;
17;18;0x0000000I64X;36;P;00:00:00:600;6290;25;;;;;37.258834;;50 320;631;0;2 881;0;;566;1 243;12 473;;4 646;64;3 364;22 731;0;
18;17;0x0000000I64X;34;B;00:00:00:566;1986;28;;;;;40.110049;;15 888;615;0;2 485;0;;20;55;7 462;;1 423;80;487;2 245;0;
19;20;0x0000000I64X;40;P;00:00:00:666;10885;25;;;;;37.122905;;87 080;368;0;3 835;0;;2 132;5 822;13 681;;4 503;296;4 528;48 893;0;
20;19;0x0000000I64X;38;B;00:00:00:633;2067;28;;;;;39.496518;;16 536;587;0;2 399;0;;32;68;7 879;;1 637;65;667;2 230;0;
21;22;0x0000000I64X;44;P;00:00:00:733;8398;25;;;;;37.731791;;67 184;481;0;3 384;0;;1 080;2 705;13 816;;5 124;134;3 896;34 315;0;
22;21;0x0000000I64X;42;B;00:00:00:700;2027;28;;;;;39.992939;;16 216;540;0;2 686;0;;17;20;8 416;;1 372;42;596;1 592;0;
23;24;0x0000000I64X;48;P;00:00:00:800;6964;25;;;;;37.541127;;55 712;582;0;2 848;0;;893;1 931;12 848;;4 900;123;3 429;26 143;0;
24;23;0x0000000I64X;46;B;00:00:00:766;1796;27;;;;;40.529676;;14 368;769;0;2 244;0;;4;26;6 894;;1 155;45;524;1 609;0;
25;26;0x0000000I64X;52;P;00:00:00:866;7705;25;;;;;37.938818;;61 640;496;0;2 924;0;;817;1 958;13 727;;5 457;105;3 948;30 360;0;
26;25;0x0000000I64X;50;B;00:00:00:833;1715;27;;;;;40.172616;;13 720;788;0;2 494;0;;14;36;6 680;;989;34;446;1 214;0;
27;28;0x0000000I64X;56;P;00:00:00:933;12550;24;;;;;38.427197;;100 400;87;0;4 474;0;;2 452;6 028;16 404;;5 826;234;5 714;56 065;0;
28;27;0x0000000I64X;54;B;00:00:00:900;2728;27;;;;;40.307012;;21 824;800;0;3 666;0;;49;136;10 968;;1 531;44;985;2 542;0;
29;30;0x0000000I64X;60;P;00:00:01:000;8154;24;;;;;36.498412;;65 232;488;0;2 631;0;;349;816;13 686;;6 547;46;4 387;34 850;0;
30;29;0x0000000I64X;58;B;00:00:00:966;1434;29;;;;;40.329087;;11 472;806;0;2 016;0;;8;17;5 457;;786;25;321;990;0;
31;32;0x0000000I64X;64;P;00:00:01:066;8334;28;;;;;31.879312;;66 672;697;0;2 310;0;;499;742;10 299;;4 830;77;3 851;41 813;0;
32;31;0x0000000I64X;62;B;00:00:01:033;1524;33;;;;;36.187330;;12 192;631;0;2 558;0;;8;26;6 022;;772;18;365;885;0;
33;36;0x0000000I64X;72;P;00:00:01:200;8773;26;;;;;32.179302;;70 184;285;0;3 080;0;;364;1 199;17 932;;6 964;34;4 958;34 011;0;
34;34;0x0000000I64X;68;B;00:00:01:133;1964;30;;;;;34.739840;;15 712;990;0;1 591;0;;20;40;4 868;;1 682;166;816;4 429;0;
35;33;0x0000000I64X;66;B;00:00:01:100;763;35;;;;;38.408872;;6 104;952;0;503;0;;0;2;1 748;;554;46;185;1 314;0;
36;35;0x0000000I64X;70;B;00:00:01:166;856;33;;;;;29.708850;;6 848;1 057;0;1 172;0;;4;3;2 714;;359;7;197;446;0;
37;38;0x0000000I64X;76;P;00:00:01:266;8801;26;;;;;35.110381;;70 408;480;0;3 363;0;;1 217;3 282;16 392;;5 184;135;4 144;33 872;0;
38;37;0x0000000I64X;74;B;00:00:01:233;1116;30;;;;;39.007809;;8 928;1 013;0;1 330;0;;11;17;3 957;;548;28;271;907;0;
39;40;0x0000000I64X;80;P;00:00:01:333;8143;25;;;;;36.702056;;65 144;484;0;3 544;0;;1 149;2 902;13 352;;5 237;113;4 028;32 153;0;
40;39;0x0000000I64X;78;B;00:00:01:300;1086;29;;;;;39.841986;;8 688;1 031;0;1 235;0;;8;12;4 103;;443;18;217;744;0;
41;42;0x0000000I64X;84;P;00:00:01:400;7406;25;;;;;37.075635;;59 248;397;0;3 599;0;;1 173;3 231;13 327;;5 028;120;3 736;26 375;0;
42;41;0x0000000I64X;82;B;00:00:01:366;1183;28;;;;;40.151937;;9 464;1 022;0;1 177;0;;12;30;4 425;;602;24;288;1 001;0;
43;44;0x0000000I64X;88;P;00:00:01:466;8224;25;;;;;37.510184;;65 792;425;0;3 730;0;;1 249;3 153;13 742;;5 231;115;4 083;31 707;0;
44;43;0x0000000I64X;86;B;00:00:01:433;1373;28;;;;;39.994871;;10 984;992;0;1 544;0;;28;60;4 973;;712;40;327;1 334;0;
45;46;0x0000000I64X;92;P;00:00:01:533;8259;25;;;;;37.055296;;66 072;384;0;3 695;0;;1 226;3 316;13 583;;5 312;136;4 133;31 969;0;
46;45;0x0000000I64X;90;B;00:00:01:500;1524;28;;;;;39.813423;;12 192;1 013;0;1 658;0;;28;55;5 700;;834;25;403;1 443;0;
47;48;0x0000000I64X;96;P;00:00:01:600;7080;25;;;;;37.678684;;56 640;430;0;3 441;0;;950;2 522;13 840;;5 076;100;3 533;24 722;0;
48;47;0x0000000I64X;94;B;00:00:01:566;1448;27;;;;;40.674402;;11 584;1 023;0;1 517;0;;28;63;5 328;;814;30;381;1 385;0;
49;50;0x0000000I64X;100;P;00:00:01:666;7668;25;;;;;37.718203;;61 344;335;0;3 850;0;;1 091;2 588;14 146;;5 162;119;3 678;28 338;0;
50;49;0x0000000I64X;98;B;00:00:01:633;1620;28;;;;;40.343182;;12 960;1 028;0;1 560;0;;41;90;5 671;;944;32;602;1 916;0;
51;52;0x0000000I64X;104;P;00:00:01:733;6774;25;;;;;39.442733;;54 192;460;0;3 406;0;;1 092;2 881;12 562;;4 494;116;3 553;23 336;0;
52;51;0x0000000I64X;102;B;00:00:01:700;1604;26;;;;;40.816867;;12 832;1 016;0;1 667;0;;29;74;5 698;;908;24;596;1 820;0;
53;54;0x0000000I64X;108;P;00:00:01:800;7445;25;;;;;38.100268;;59 560;420;0;3 664;0;;1 169;2 790;14 437;;5 028;138;3 685;26 082;0;
54;53;0x0000000I64X;106;B;00:00:01:766;1726;27;;;;;40.455142;;13 808;1 017;0;1 848;0;;45;86;6 530;;933;22;672;1 537;0;
55;56;0x0000000I64X;112;P;00:00:01:866;6509;25;;;;;37.987989;;52 072;484;0;3 449;0;;908;2 332;13 696;;4 226;105;3 202;21 576;0;
56;55;0x0000000I64X;110;B;00:00:01:833;1492;27;;;;;40.098067;;11 936;1 024;0;1 478;0;;16;44;5 679;;754;28;391;1 542;0;
57;58;0x0000000I64X;116;P;00:00:01:933;10951;25;;;;;37.985110;;87 608;124;0;5 194;0;;2 219;6 687;15 070;;4 515;185;5 035;45 368;0;
58;57;0x0000000I64X;114;B;00:00:01:900;1690;27;;;;;39.919280;;13 520;871;0;1 974;0;;75;147;5 524;;936;49;768;2 295;0;
59;60;0x0000000I64X;120;P;00:00:02:000;8175;24;;;;;38.606179;;65 400;314;0;3 976;0;;1 285;3 271;14 557;;5 523;144;4 422;29 689;0;
60;59;0x0000000I64X;118;B;00:00:01:966;1481;27;;;;;40.988415;;11 848;1 027;0;1 308;0;;32;61;5 462;;837;30;525;1 563;0;
61;62;0x0000000I64X;124;P;00:00:02:066;7569;24;;;;;38.611487;;60 552;437;0;3 421;0;;917;2 214;14 044;;5 519;93;4 184;27 791;0;
62;61;0x0000000I64X;122;B;00:00:02:033;1505;26;;;;;40.715050;;12 040;1 047;0;1 495;0;;16;55;5 539;;888;28;559;1 373;0;
63;64;0x0000000I64X;128;P;00:00:02:133;7786;25;;;;;36.873765;;62 288;483;0;3 279;0;;939;2 215;13 773;;5 477;121;4 247;29 793;0;
64;63;0x0000000I64X;126;B;00:00:02:100;1299;28;;;;;40.254617;;10 392;1 025;0;1 257;0;;0;10;4 811;;741;22;432;1 138;0;
65;66;0x0000000I64X;132;P;00:00:02:200;9808;24;;;;;37.499028;;78 464;406;0;3 446;0;;978;2 489;14 085;;6 089;109;5 006;43 905;0;
66;65;0x0000000I64X;130;B;00:00:02:166;1495;28;;;;;39.997112;;11 960;1 032;0;1 662;0;;31;70;5 270;;805;35;483;1 554;0;
67;68;0x0000000I64X;136;P;00:00:02:266;10470;25;;;;;36.474958;;83 760;448;0;3 289;0;;1 130;2 347;13 920;;6 259;134;5 251;49 051;0;
68;67;0x0000000I64X;134;B;00:00:02:233;1405;29;;;;;39.455738;;11 240;1 034;0;1 557;0;;8;38;4 780;;735;31;365;1 675;0;
69;70;0x0000000I64X;140;P;00:00:02:333;11759;26;;;;;36.423185;;94 072;547;0;3 126;0;;1 038;2 088;13 636;;5 745;131;5 007;60 933;0;
70;69;0x0000000I64X;138;B;00:00:02:300;1315;28;;;;;37.893945;;10 520;1 010;0;1 503;0;;8;30;3 874;;763;41;405;1 983;0;
71;74;0x0000000I64X;148;P;00:00:02:466;8832;25;;;;;35.525940;;70 656;196;0;4 133;0;;766;2 160;19 338;;5 897;104;5 293;30 875;0;
72;72;0x0000000I64X;144;B;00:00:02:400;4084;27;;;;;36.498243;;32 672;924;0;2 330;0;;71;125;6 229;;3 371;492;1 713;16 252;0;
73;71;0x0000000I64X;142;B;00:00:02:366;1487;30;;;;;38.772885;;11 896;1 029;0;1 256;0;;0;0;3 761;;1 168;126;451;3 133;0;
74;73;0x0000000I64X;146;B;00:00:02:433;1410;30;;;;;35.709413;;11 280;967;0;1 553;0;;23;39;4 611;;837;58;483;1 882;0;
75;76;0x0000000I64X;152;P;00:00:02:533;9558;25;;;;;37.834240;;76 464;329;0;4 091;0;;1 627;4 335;16 678;;4 713;168;4 914;36 818;0;
76;75;0x0000000I64X;150;B;00:00:02:500;1464;27;;;;;39.345237;;11 712;1 045;0;1 726;0;;0;13;4 962;;859;40;397;1 693;0;
77;78;0x0000000I64X;156;P;00:00:02:600;7276;25;;;;;37.818450;;58 208;595;0;3 034;0;;1 213;2 554;13 272;;4 196;139;3 777;27 213;0;
78;77;0x0000000I64X;154;B;00:00:02:566;1390;27;;;;;39.455303;;11 120;1 005;0;1 481;0;;31;48;4 972;;738;45;277;1 526;0;
79;80;0x0000000I64X;160;P;00:00:02:666;7277;26;;;;;38.525638;;58 216;508;0;3 279;0;;1 051;2 332;14 122;;4 416;121;3 673;26 672;0;
80;79;0x0000000I64X;158;B;00:00:02:633;1365;26;;;;;39.561639;;10 920;1 038;0;1 415;0;;47;118;4 706;;689;41;394;1 479;0;
81;82;0x0000000I64X;164;P;00:00:02:733;10336;25;;;;;38.020116;;82 688;156;0;5 009;0;;2 319;6 122;16 287;;4 789;224;4 954;39 617;0;
82;81;0x0000000I64X;162;B;00:00:02:700;1565;27;;;;;39.871475;;12 520;896;0;1 745;0;;59;123;5 701;;866;47;511;1 692;0;
83;84;0x0000000I64X;168;P;00:00:02:800;6625;25;;;;;38.142359;;53 000;610;0;2 989;0;;936;2 258;13 244;;4 108;109;3 116;23 626;0;
84;83;0x0000000I64X;166;B;00:00:02:766;1364;27;;;;;40.203233;;10 912;1 011;0;1 451;0;;15;42;5 027;;708;18;364;1 350;0;
85;85;0x0000000I64X;170;P;00:00:02:833;5494;25;;;;;40.272140;;43 952;682;0;2 461;0;;329;1 064;12 470;;4 249;41;2 766;18 324;0;
86;86;0x0000000I64X;172;P;00:00:02:866;5024;25;;;;;40.371866;;40 192;721;0;2 723;0;;472;1 118;12 556;;3 544;41;2 710;14 635;0;
87;87;0x0000000I64X;174;P;00:00:02:900;5409;25;;;;;40.204844;;43 272;701;0;2 379;0;;199;704;12 336;;4 092;28;2 747;18 652;0;
88;88;0x0000000I64X;176;P;00:00:02:933;5473;25;;;;;40.165112;;43 784;622;0;2 692;0;;557;1 264;12 930;;3 981;59;2 808;17 141;0;
89;89;0x0000000I64X;178;P;00:00:02:966;5154;26;;;;;40.190960;;41 232;712;0;2 223;0;;234;756;12 562;;3 840;32;2 494;16 935;0;
90;91;0x0000000I64X;182;P;00:00:03:033;9347;26;;;;;37.449581;;74 776;257;0;4 306;0;;829;2 390;18 293;;5 688;69;4 304;37 028;0;
91;90;0x0000000I64X;180;B;00:00:03:000;2093;28;;;;;39.608388;;16 744;896;0;2 248;0;;94;209;6 689;;1 249;64;993;3 344;0;
92;92;0x0000000I64X;184;P;00:00:03:066;5384;25;;;;;40.487018;;43 072;676;0;2 662;0;;504;1 393;11 406;;3 810;57;2 956;17 744;0;
93;94;0x0000000I64X;188;P;00:00:03:133;9090;25;;;;;38.604050;;72 720;245;0;4 052;0;;1 665;4 293;15 281;;5 001;160;4 349;35 088;0;
94;93;0x0000000I64X;186;B;00:00:03:100;1900;26;;;;;40.562854;;15 200;999;0;1 771;0;;50;129;6 652;;1 153;30;793;2 535;0;
95;96;0x0000000I64X;192;P;00:00:03:200;7936;25;;;;;37.737929;;63 488;454;0;3 000;0;;793;2 163;14 085;;5 573;93;3 712;31 723;0;
96;95;0x0000000I64X;190;B;00:00:03:166;1495;28;;;;;40.454951;;11 960;1 002;0;1 495;0;;9;13;5 940;;809;35;372;1 228;0;
97;98;0x0000000I64X;196;P;00:00:03:266;7530;25;;;;;36.634809;;60 240;515;0;2 947;0;;771;1 848;12 520;;5 169;90;3 554;31 047;0;
98;97;0x0000000I64X;194;B;00:00:03:233;1205;28;;;;;40.102660;;9 640;1 036;0;1 214;0;;25;38;4 720;;596;25;258;721;0;
99;100;0x0000000I64X;200;P;00:00:03:333;9638;25;;;;;37.239204;;77 104;257;0;3 505;0;;828;2 204;18 361;;6 192;84;4 392;39 453;0;
100;99;0x0000000I64X;198;B;00:00:03:300;1478;28;;;;;39.594394;;11 824;1 013;0;1 146;0;;14;52;5 233;;954;43;591;1 818;0;
101;101;0x0000000I64X;202;P;00:00:03:366;7442;25;;;;;40.034894;;59 536;537;0;2 776;0;;270;710;14 382;;5 769;33;3 819;29 763;0;
102;102;0x0000000I64X;204;P;00:00:03:400;11082;25;;;;;39.676441;;88 656;208;0;3 784;0;;868;2 298;17 436;;6 970;95;5 242;49 897;0;
103;104;0x0000000I64X;208;P;00:00:03:466;10676;25;;;;;36.411180;;85 408;543;0;2 430;0;;474;938;12 206;;6 393;46;4 594;56 313;0;
104;103;0x0000000I64X;206;B;00:00:03:433;1120;29;;;;;39.106922;;8 960;1 021;0;1 302;0;;24;40;3 769;;594;29;255;986;0;
105;108;0x0000000I64X;216;P;00:00:03:600;7104;25;;;;;36.354174;;56 832;551;0;2 502;0;;280;670;13 168;;5 713;39;3 900;28 602;0;
106;106;0x0000000I64X;212;B;00:00:03:533;4988;28;;;;;36.304900;;39 904;822;0;2 640;0;;8;33;5 810;;4 168;661;2 096;22 481;0;
107;105;0x0000000I64X;210;B;00:00:03:500;682;30;;;;;38.987770;;5 456;982;0;415;0;;0;3;2 156;;377;26;95;673;0;
108;107;0x0000000I64X;214;B;00:00:03:566;1164;29;;;;;35.847524;;9 312;1 007;0;1 245;0;;4;6;4 155;;624;22;282;908;0;
109;110;0x0000000I64X;220;P;00:00:03:666;8490;25;;;;;36.563508;;67 920;504;0;3 146;0;;828;2 378;18 001;;5 369;88;3 874;31 669;0;
110;109;0x0000000I64X;218;B;00:00:03:633;1180;29;;;;;39.444037;;9 440;1 050;0;1 498;0;;4;16;4 077;;513;22;252;1 090;0;
111;112;0x0000000I64X;224;P;00:00:03:733;7141;25;;;;;37.129404;;57 128;585;0;3 188;0;;778;1 968;13 251;;4 893;113;3 682;26 754;0;
112;111;0x0000000I64X;222;B;00:00:03:700;1163;28;;;;;39.386770;;9 304;1 014;0;1 357;0;;8;16;4 329;;548;18;263;818;0;
113;114;0x0000000I64X;228;P;00:00:03:800;9271;25;;;;;36.937513;;74 168;380;0;3 666;0;;1 358;3 149;14 719;;5 504;156;4 358;38 582;0;
114;113;0x0000000I64X;226;B;00:00:03:766;1266;28;;;;;39.821468;;10 128;1 021;0;1 445;0;;4;9;4 809;;605;18;259;997;0;
115;116;0x0000000I64X;232;P;00:00:03:866;7227;25;;;;;38.352817;;57 816;500;0;3 213;0;;869;2 115;13 824;;5 514;99;3 870;25 744;0;
116;115;0x0000000I64X;230;B;00:00:03:833;1361;27;;;;;40.491563;;10 888;1 014;0;1 541;0;;18;30;5 216;;698;20;398;942;0;
117;118;0x0000000I64X;236;P;00:00:03:933;7347;25;;;;;38.366309;;58 776;459;0;3 450;0;;1 045;2 488;13 160;;5 065;124;3 634;27 307;0;
118;117;0x0000000I64X;234;B;00:00:03:900;1443;27;;;;;40.152957;;11 544;1 001;0;1 567;0;;22;50;4 966;;782;30;424;1 690;0;
119;120;0x0000000I64X;240;P;00:00:04:000;7003;25;;;;;37.562785;;56 024;462;0;3 452;0;;1 084;2 542;13 844;;4 891;129;3 668;23 838;0;
120;119;0x0000000I64X;238;B;00:00:03:966;1615;27;;;;;40.450110;;12 920;1 017;0;1 674;0;;31;70;5 827;;908;42;509;1 812;0;
121;122;0x0000000I64X;244;P;00:00:04:066;7927;25;;;;;39.038649;;63 416;306;0;3 860;0;;1 253;3 622;14 695;;5 098;106;3 941;28 021;0;
122;121;0x0000000I64X;242;B;00:00:04:033;1553;26;;;;;40.697775;;12 424;984;0;1 664;0;;48;76;5 523;;873;28;520;1 643;0;
123;124;0x0000000I64X;248;P;00:00:04:133;7788;25;;;;;38.046220;;62 304;412;0;3 576;0;;926;2 123;15 411;;5 126;104;3 985;28 756;0;
124;123;0x0000000I64X;246;B;00:00:04:100;2178;27;;;;;40.423209;;17 424;958;0;2 069;0;;48;111;7 863;;1 379;44;865;2 896;0;
125;126;0x0000000I64X;252;P;00:00:04:200;7138;25;;;;;37.595606;;57 104;416;0;3 475;0;;884;2 202;14 538;;4 810;91;3 716;25 037;0;
126;125;0x0000000I64X;250;B;00:00:04:166;1496;28;;;;;40.566639;;11 968;1 049;0;1 451;0;;9;33;5 598;;788;28;469;1 538;0;
127;128;0x0000000I64X;256;P;00:00:04:266;10040;25;;;;;38.190619;;80 320;161;0;4 583;0;;1 701;4 602;17 392;;5 594;163;5 000;38 523;0;
128;127;0x0000000I64X;254;B;00:00:04:233;2042;27;;;;;39.789192;;16 336;986;0;1 960;0;;44;98;7 527;;1 346;53;904;2 313;0;
129;130;0x0000000I64X;260;P;00:00:04:333;10947;24;;;;;38.240759;;87 576;178;0;4 487;0;;1 536;4 523;17 212;;6 097;145;5 422;45 500;0;
130;129;0x0000000I64X;258;B;00:00:04:300;1554;27;;;;;40.366633;;12 432;1 020;0;1 429;0;;23;60;5 745;;940;29;555;1 633;0;
131;132;0x0000000I64X;264;P;00:00:04:400;9170;24;;;;;37.869422;;73 360;445;0;3 363;0;;764;2 173;15 156;;6 168;92;4 743;38 536;0;
132;131;0x0000000I64X;262;B;00:00:04:366;1382;27;;;;;40.766546;;11 056;1 012;0;1 455;0;;10;27;5 320;;734;29;272;1 118;0;
133;134;0x0000000I64X;268;P;00:00:04:466;7755;24;;;;;38.161030;;62 040;482;0;2 968;0;;696;1 647;14 041;;5 968;75;4 186;30 287;0;
134;133;0x0000000I64X;266;B;00:00:04:433;1238;27;;;;;41.154814;;9 904;1 026;0;1 126;0;;0;0;4 516;;729;29;370;1 211;0;
135;136;0x0000000I64X;272;P;00:00:04:533;7752;24;;;;;37.170215;;62 016;544;0;2 796;0;;556;1 261;12 828;;5 882;60;4 408;32 095;0;
136;135;0x0000000I64X;270;B;00:00:04:500;1191;28;;;;;40.731529;;9 528;1 027;0;982;0;;0;4;4 235;;716;34;326;1 253;0;
137;138;0x0000000I64X;276;P;00:00:04:600;7757;24;;;;;36.370045;;62 056;553;0;2 791;0;;673;1 530;13 429;;5 887;85;4 087;31 345;0;
138;137;0x0000000I64X;274;B;00:00:04:566;1250;29;;;;;40.877944;;10 000;1 037;0;1 214;0;;0;1;4 416;;748;37;349;1 234;0;
139;140;0x0000000I64X;280;P;00:00:04:666;7647;24;;;;;37.328465;;61 176;521;0;2 795;0;;546;1 314;12 870;;6 060;57;4 339;31 104;0;
140;139;0x0000000I64X;278;B;00:00:04:633;1403;28;;;;;40.740127;;11 224;1 018;0;1 253;0;;0;7;4 500;;973;80;460;1 976;0;
141;142;0x0000000I64X;284;P;00:00:04:733;9727;24;;;;;36.904851;;77 816;444;0;3 116;0;;734;1 755;14 130;;6 585;92;5 040;44 342;0;
142;141;0x0000000I64X;282;B;00:00:04:700;1308;28;;;;;39.911835;;10 464;999;0;1 144;0;;21;39;4 281;;787;40;421;1 781;0;
143;144;0x0000000I64X;288;P;00:00:04:800;10968;24;;;;;37.178311;;87 744;445;0;2 931;0;;706;1 492;13 546;;6 496;88;5 368;54 947;0;
144;143;0x0000000I64X;286;B;00:00:04:766;1047;28;;;;;39.481979;;8 376;1 011;0;999;0;;20;28;3 352;;567;29;258;1 243;0;
145;146;0x0000000I64X;292;P;00:00:04:866;8962;25;;;;;35.942069;;71 696;686;0;2 187;0;;318;599;11 233;;5 680;32;4 426;45 156;0;
146;145;0x0000000I64X;290;B;00:00:04:833;836;29;;;;;38.173880;;6 688;961;0;784;0;;0;0;2 555;;446;30;168;959;0;
147;150;0x0000000I64X;300;P;00:00:05:000;6187;25;;;;;36.374597;;49 496;600;0;2 736;0;;277;641;14 565;;5 466;30;4 089;19 579;0;
148;148;0x0000000I64X;296;B;00:00:04:933;2604;28;;;;;36.831611;;20 832;935;0;1 830;0;;12;16;5 269;;2 500;251;1 031;7 844;0;
149;147;0x0000000I64X;294;B;00:00:04:900;974;31;;;;;39.401851;;7 792;976;0;992;0;;0;0;3 020;;571;32;183;986;0;
150;149;0x0000000I64X;298;B;00:00:04:966;1059;29;;;;;34.065378;;8 472;1 011;0;1 253;0;;4;12;3 711;;495;17;221;747;0;
151;152;0x0000000I64X;304;P;00:00:05:066;9876;25;;;;;36.638647;;79 008;521;0;3 704;0;;2 207;5 642;14 228;;3 956;262;4 176;41 066;0;
152;151;0x0000000I64X;302;B;00:00:05:033;1304;29;;;;;39.006049;;10 432;1 050;0;1 589;0;;26;40;4 460;;628;48;223;1 449;0;
153;154;0x0000000I64X;308;P;00:00:05:133;7218;25;;;;;37.956788;;57 744;602;0;3 205;0;;973;2 397;13 219;;4 278;107;3 779;26 889;0;
154;153;0x0000000I64X;306;B;00:00:05:100;1495;27;;;;;39.303347;;11 960;1 024;0;1 535;0;;49;115;4 987;;809;35;381;1 973;0;
155;156;0x0000000I64X;312;P;00:00:05:200;8495;25;;;;;37.030592;;67 960;442;0;3 679;0;;1 466;3 591;14 687;;4 581;164;4 185;32 493;0;
156;155;0x0000000I64X;310;B;00:00:05:166;1515;28;;;;;39.571822;;12 120;1 056;0;1 613;0;;40;68;5 525;;824;45;432;1 515;0;
157;158;0x0000000I64X;316;P;00:00:05:266;7705;25;;;;;37.850325;;61 640;397;0;3 847;0;;1 184;2 846;14 557;;4 550;130;3 928;28 062;0;
158;157;0x0000000I64X;314;B;00:00:05:233;1574;27;;;;;39.701158;;12 592;995;0;1 821;0;;20;62;5 378;;961;43;531;1 790;0;
159;159;0x0000000I64X;318;P;00:00:05:300;6321;25;;;;;40.046470;;50 568;496;0;3 099;0;;223;867;14 293;;5 193;20;3 518;21 451;0;
160;160;0x0000000I64X;320;P;00:00:05:333;5612;25;;;;;40.508761;;44 896;601;0;2 721;0;;609;1 468;13 093;;3 840;77;2 928;17 830;0;
161;162;0x0000000I64X;324;P;00:00:05:400;8376;25;;;;;37.165521;;67 008;330;0;3 953;0;;1 355;3 407;16 416;;4 784;174;3 756;30 496;0;
162;161;0x0000000I64X;322;B;00:00:05:366;1767;28;;;;;39.956838;;14 136;1 000;0;1 858;0;;47;92;6 024;;1 047;47;581;2 321;0;
163;164;0x0000000I64X;328;P;00:00:05:466;7675;25;;;;;38.045072;;61 400;407;0;3 616;0;;1 147;2 835;14 335;;4 642;135;3 461;28 684;0;
164;163;0x0000000I64X;326;B;00:00:05:433;1605;27;;;;;40.420974;;12 840;1 010;0;1 409;0;;9;33;5 977;;1 012;36;554;1 791;0;
165;166;0x0000000I64X;332;P;00:00:05:533;7690;25;;;;;38.320211;;61 520;478;0;3 573;0;;769;2 066;15 105;;4 956;87;3 483;29 269;0;
166;165;0x0000000I64X;330;B;00:00:05:500;1388;26;;;;;40.158015;;11 104;1 009;0;1 462;0;;10;46;4 919;;788;24;481;1 402;0;
167;168;0x0000000I64X;336;P;00:00:05:600;9752;26;;;;;38.398514;;78 016;161;0;4 444;0;;1 643;4 796;16 467;;5 244;179;4 492;38 090;0;
168;167;0x0000000I64X;334;B;00:00:05:566;1611;27;;;;;39.476829;;12 888;986;0;1 644;0;;12;48;5 887;;1 008;34;583;1 727;0;
169;170;0x0000000I64X;340;P;00:00:05:666;11510;25;;;;;37.805338;;92 080;142;0;4 571;0;;1 938;5 583;16 829;;5 475;209;4 653;50 027;0;
170;169;0x0000000I64X;338;B;00:00:05:633;1680;27;;;;;39.972684;;13 440;1 020;0;1 367;0;;43;99;6 284;;993;33;586;1 973;0;
171;172;0x0000000I64X;344;P;00:00:05:733;7510;25;;;;;38.079201;;60 080;514;0;3 210;0;;673;1 499;13 765;;5 358;68;3 644;29 694;0;
172;171;0x0000000I64X;342;B;00:00:05:700;1437;27;;;;;40.483295;;11 496;1 036;0;1 314;0;;52;137;5 039;;758;26;364;1 754;0;
173;174;0x0000000I64X;348;P;00:00:05:800;7646;25;;;;;38.040740;;61 168;567;0;2 974;0;;676;1 658;13 715;;5 369;71;3 504;30 944;0;
174;173;0x0000000I64X;346;B;00:00:05:766;1235;27;;;;;40.478398;;9 880;1 050;0;1 232;0;;3;25;4 571;;694;13;301;1 019;0;
175;176;0x0000000I64X;352;P;00:00:05:866;6555;25;;;;;38.387033;;52 440;514;0;2 940;0;;699;1 545;13 092;;4 843;77;3 547;23 508;0;
176;175;0x0000000I64X;350;B;00:00:05:833;1486;27;;;;;40.590670;;11 888;1 013;0;1 498;0;;35;60;5 669;;871;19;557;1 067;0;
177;178;0x0000000I64X;356;P;00:00:05:933;10893;24;;;;;37.710660;;87 144;176;0;4 131;0;;1 115;3 244;17 885;;6 300;112;5 026;47 056;0;
178;177;0x0000000I64X;354;B;00:00:05:900;1173;27;;;;;40.561009;;9 384;1 014;0;883;0;;7;12;4 362;;669;23;372;1 107;0;
179;180;0x0000000I64X;360;P;00:00:06:000;7925;24;;;;;37.825826;;63 400;514;0;2 672;0;;474;1 264;14 139;;6 066;57;4 068;32 525;0;
180;179;0x0000000I64X;358;B;00:00:05:966;1172;28;;;;;40.952001;;9 376;1 039;0;1 171;0;;8;21;4 280;;599;17;265;975;0;
181;182;0x0000000I64X;364;P;00:00:06:066;7857;24;;;;;37.625890;;62 856;505;0;2 682;0;;514;1 290;13 268;;5 986;62;3 863;33 078;0;
182;181;0x0000000I64X;362;B;00:00:06:033;1117;28;;;;;41.064014;;8 936;1 030;0;1 133;0;;12;39;3 781;;552;18;300;1 092;0;
183;184;0x0000000I64X;368;P;00:00:06:133;7788;25;;;;;36.858592;;62 304;625;0;2 378;0;;398;982;12 116;;5 850;45;3 777;34 699;0;
184;183;0x0000000I64X;366;B;00:00:06:100;1137;29;;;;;40.349714;;9 096;1 026;0;1 209;0;;0;7;4 133;;601;17;228;935;0;
185;186;0x0000000I64X;372;P;00:00:06:200;5725;25;;;;;37.469780;;45 800;776;0;2 052;0;;350;608;10 361;;4 727;37;2 869;22 576;0;
186;185;0x0000000I64X;370;B;00:00:06:166;1041;27;;;;;40.172695;;8 328;1 020;0;819;0;;0;9;3 271;;758;59;327;1 183;0;
187;188;0x0000000I64X;376;P;00:00:06:266;11154;25;;;;;36.068678;;89 232;196;0;3 727;0;;823;2 666;18 674;;6 370;82;4 674;50 367;0;
188;187;0x0000000I64X;374;B;00:00:06:233;1202;29;;;;;39.787219;;9 616;891;0;1 003;0;;18;26;3 852;;841;58;436;1 673;0;
189;190;0x0000000I64X;380;P;00:00:06:333;8784;25;;;;;37.710557;;70 272;231;0;3 549;0;;611;1 962;16 182;;6 468;54;4 490;35 169;0;
190;189;0x0000000I64X;378;B;00:00:06:300;1090;28;;;;;40.593645;;8 720;911;0;989;0;;0;13;3 685;;701;34;333;1 292;0;
191;192;0x0000000I64X;384;P;00:00:06:400;7785;24;;;;;35.339649;;62 280;406;0;3 023;0;;492;1 189;14 861;;6 694;60;4 099;29 850;0;
192;191;0x0000000I64X;382;B;00:00:06:366;1064;29;;;;;40.796855;;8 512;1 020;0;1 122;0;;18;31;3 670;;546;24;254;889;0;
193;194;0x0000000I64X;388;P;00:00:06:466;8071;24;;;;;35.848038;;64 568;381;0;3 111;0;;372;1 159;13 893;;7 017;56;4 296;32 886;0;
194;193;0x0000000I64X;386;B;00:00:06:433;1088;29;;;;;40.738794;;8 704;1 020;0;1 081;0;;0;6;3 743;;618;22;297;1 022;0;
195;196;0x0000000I64X;392;P;00:00:06:533;9650;25;;;;;37.379402;;77 200;234;0;3 329;0;;576;1 669;15 212;;7 022;57;4 929;42 725;0;
196;195;0x0000000I64X;390;B;00:00:06:500;1184;28;;;;;40.437425;;9 472;1 034;0;1 149;0;;13;18;4 077;;650;23;293;1 246;0;
197;198;0x0000000I64X;396;P;00:00:06:600;10582;25;;;;;37.078539;;84 656;248;0;3 400;0;;502;1 337;15 500;;7 049;57;4 933;50 224;0;
198;197;0x0000000I64X;394;B;00:00:06:566;1290;28;;;;;40.018931;;10 320;1 032;0;1 280;0;;10;19;4 295;;807;27;378;1 533;0;
199;200;0x0000000I64X;400;P;00:00:06:666;9271;24;;;;;36.442768;;74 168;257;0;3 238;0;;542;1 597;14 602;;6 915;64;4 993;40 496;0;
200;199;0x0000000I64X;398;B;00:00:06:633;1068;29;;;;;40.723753;;8 544;1 001;0;1 049;0;;12;26;3 559;;525;31;242;1 221;0;
201;202;0x0000000I64X;404;P;00:00:06:733;9666;24;;;;;36.328476;;77 328;291;0;2 949;0;;472;1 128;15 601;;7 272;46;4 904;43 380;0;
202;201;0x0000000I64X;402;B;00:00:06:700;1114;28;;;;;40.676914;;8 912;1 029;0;1 039;0;;0;0;3 813;;515;20;267;1 272;0;
203;204;0x0000000I64X;408;P;00:00:06:800;11158;24;;;;;37.315114;;89 264;291;0;2 994;0;;327;963;15 292;;7 421;42;5 400;55 265;0;
204;203;0x0000000I64X;406;B;00:00:06:766;1049;28;;;;;40.203207;;8 392;1 010;0;1 081;0;;3;2;3 555;;598;28;284;973;0;
205;208;0x0000000I64X;416;P;00:00:06:933;13116;25;;;;;35.460631;;104 928;185;0;3 632;0;;588;1 803;17 420;;6 752;58;5 219;67 959;0;
206;206;0x0000000I64X;412;B;00:00:06:866;1547;28;;;;;37.220495;;12 376;1 015;0;1 498;0;;20;32;4 755;;1 044;64;594;2 329;0;
207;205;0x0000000I64X;410;B;00:00:06:833;933;30;;;;;38.733378;;7 464;1 004;0;1 182;0;;4;4;3 324;;372;18;168;531;0;
208;207;0x0000000I64X;414;B;00:00:06:900;791;30;;;;;35.165060;;6 328;1 016;0;813;0;;4;15;2 586;;365;14;164;447;0;
209;212;0x0000000I64X;424;P;00:00:07:066;11604;25;;;;;35.806825;;92 832;220;0;3 283;0;;313;1 041;17 057;;7 412;39;5 309;57 057;0;
210;210;0x0000000I64X;420;B;00:00:07:000;1501;28;;;;;36.791769;;12 008;1 013;0;1 773;0;;4;27;4 849;;842;39;590;1 805;0;
211;209;0x0000000I64X;418;B;00:00:06:966;869;30;;;;;39.141087;;6 952;1 022;0;919;0;;8;8;3 023;;336;12;151;509;0;
212;211;0x0000000I64X;422;B;00:00:07:033;821;29;;;;;35.151902;;6 568;1 056;0;921;0;;3;9;2 606;;361;13;176;505;0;
213;214;0x0000000I64X;428;P;00:00:07:133;8789;25;;;;;36.641470;;70 312;490;0;2 363;0;;68;278;12 282;;7 257;7;4 197;42 116;0;
214;213;0x0000000I64X;426;B;00:00:07:100;802;28;;;;;39.794761;;6 416;979;0;704;0;;3;3;2 673;;434;12;250;529;0;
215;218;0x0000000I64X;436;P;00:00:07:266;4488;25;;;;;35.773560;;35 904;813;0;1 849;0;;72;196;8 939;;4 652;15;3 128;14 891;0;
216;216;0x0000000I64X;432;B;00:00:07:200;2467;27;;;;;37.505670;;19 736;930;0;1 824;0;;7;12;5 108;;2 270;211;988;7 213;0;
217;215;0x0000000I64X;430;B;00:00:07:166;1003;29;;;;;39.673878;;8 024;1 080;0;1 147;0;;3;7;3 488;;447;9;226;611;0;
218;217;0x0000000I64X;434;B;00:00:07:233;941;29;;;;;36.486500;;7 528;981;0;1 147;0;;4;5;2 968;;499;13;211;599;0;
219;222;0x0000000I64X;444;P;00:00:07:400;14725;26;;;;;36.290829;;117 800;291;0;4 170;0;;4 235;11 058;12 916;;3 653;432;4 865;71 961;0;
220;220;0x0000000I64X;440;B;00:00:07:333;3627;27;;;;;37.106821;;29 016;925;0;2 872;0;;105;193;8 258;;3 100;268;1 674;10 375;0;
221;219;0x0000000I64X;438;B;00:00:07:300;1103;28;;;;;38.350506;;8 824;1 036;0;1 448;0;;8;18;3 607;;548;17;285;890;0;
222;221;0x0000000I64X;442;B;00:00:07:366;1493;29;;;;;37.013942;;11 944;1 022;0;1 932;0;;0;15;4 570;;868;54;485;2 127;0;
223;224;0x0000000I64X;448;P;00:00:07:466;7977;25;;;;;36.946471;;63 816;510;0;3 459;0;;1 141;2 620;13 185;;5 093;123;4 208;31 294;0;
224;223;0x0000000I64X;446;B;00:00:07:433;1378;28;;;;;39.348815;;11 024;1 011;0;1 529;0;;38;85;4 708;;774;23;371;1 536;0;
225;226;0x0000000I64X;452;P;00:00:07:533;7939;26;;;;;37.394764;;63 512;479;0;3 465;0;;1 278;2 568;13 355;;5 106;147;3 820;31 115;0;
226;225;0x0000000I64X;450;B;00:00:07:500;1311;28;;;;;39.443629;;10 488;1 005;0;1 378;0;;39;77;4 561;;728;25;392;1 334;0;
227;228;0x0000000I64X;456;P;00:00:07:600;7707;26;;;;;37.683920;;61 656;420;0;4 053;0;;1 323;3 095;12 640;;4 798;115;4 025;28 900;0;
228;227;0x0000000I64X;454;B;00:00:07:566;1642;27;;;;;39.457087;;13 136;997;0;1 684;0;;35;76;5 853;;1 073;42;595;1 681;0;
229;230;0x0000000I64X;460;P;00:00:07:666;7482;26;;;;;37.953419;;59 856;423;0;3 585;0;;1 112;2 840;14 000;;4 447;137;3 652;27 616;0;
230;229;0x0000000I64X;458;B;00:00:07:633;1948;27;;;;;39.664013;;15 584;1 003;0;2 048;0;;74;134;7 360;;1 162;35;694;1 957;0;
231;232;0x0000000I64X;464;P;00:00:07:733;8539;26;;;;;38.535122;;68 312;200;0;4 725;0;;1 524;4 028;16 039;;4 811;141;4 108;30 253;0;
232;231;0x0000000I64X;462;B;00:00:07:700;1866;27;;;;;39.437006;;14 928;1 029;0;1 855;0;;71;132;6 839;;1 065;25;784;2 021;0;
233;234;0x0000000I64X;468;P;00:00:07:800;9212;26;;;;;38.023344;;73 696;77;0;5 049;0;;1 620;4 745;16 006;;5 235;148;4 269;34 140;0;
234;233;0x0000000I64X;466;B;00:00:07:766;2166;27;;;;;39.432549;;17 328;1 000;0;2 253;0;;50;153;8 052;;1 341;38;852;2 417;0;
235;236;0x0000000I64X;472;P;00:00:07:866;8525;26;;;;;37.991894;;68 200;191;0;4 521;0;;1 324;3 906;15 532;;5 373;121;4 245;30 860;0;
236;235;0x0000000I64X;470;B;00:00:07:833;1836;27;;;;;39.504666;;14 688;981;0;1 946;0;;60;159;6 787;;1 056;33;561;1 973;0;
237;238;0x0000000I64X;476;P;00:00:07:933;10729;25;;;;;37.864507;;85 832;130;0;4 877;0;;2 156;5 800;15 365;;4 898;195;4 867;44 598;0;
238;237;0x0000000I64X;474;B;00:00:07:900;1828;27;;;;;39.626966;;14 624;889;0;1 968;0;;21;83;6 065;;1 173;50;704;2 794;0;
239;240;0x0000000I64X;480;P;00:00:08:000;9412;25;;;;;37.809989;;75 296;158;0;4 548;0;;1 571;4 606;16 531;;5 693;161;4 585;34 978;0;
240;239;0x0000000I64X;478;B;00:00:07:966;1648;27;;;;;40.085618;;13 184;987;0;1 746;0;;33;79;5 966;;978;33;571;1 843;0;
241;242;0x0000000I64X;484;P;00:00:08:066;8627;25;;;;;37.907807;;69 016;214;0;4 115;0;;963;2 787;16 952;;6 151;112;4 482;31 476;0;
242;241;0x0000000I64X;482;B;00:00:08:033;1568;27;;;;;40.011331;;12 544;1 018;0;1 484;0;;34;73;6 026;;848;22;593;1 410;0;
243;244;0x0000000I64X;488;P;00:00:08:133;7511;25;;;;;38.361789;;60 088;310;0;3 513;0;;808;2 166;15 920;;5 697;97;4 188;25 576;0;
244;243;0x0000000I64X;486;B;00:00:08:100;1520;27;;;;;40.615124;;12 160;1 007;0;1 434;0;;21;53;5 991;;777;17;483;1 328;0;
245;246;0x0000000I64X;492;P;00:00:08:200;7671;25;;;;;37.917357;;61 368;347;0;3 577;0;;1 022;2 448;15 184;;5 787;123;4 233;26 536;0;
246;245;0x0000000I64X;490;B;00:00:08:166;1448;28;;;;;40.549563;;11 584;1 016;0;1 349;0;;15;46;5 338;;768;31;451;1 550;0;
247;249;0x0000000I64X;498;P;00:00:08:300;5794;27;;;;;37.746211;;46 352;495;0;3 251;0;;545;1 698;14 828;;3 979;82;3 079;16 772;0;
248;247;0x0000000I64X;494;B;00:00:08:233;1853;28;;;;;37.701076;;14 824;1 018;0;1 697;0;;26;50;6 279;;1 168;45;701;2 799;0;
249;248;0x0000000I64X;496;B;00:00:08:266;1908;27;;;;;36.747505;;15 264;970;0;1 894;0;;54;100;6 390;;1 302;56;887;2 450;0;
250;250;0x0000000I64X;0;I;00:00:08:333;26211;22;;;;;42.813344;;209 688;0;0;2 407;0;;7 260;19 210;0;;0;706;5 232;168 706;0;
251;252;0x0000000I64X;4;P;00:00:08:400;5492;24;;;;;38.010758;;43 936;636;0;2 998;0;;630;1 606;11 867;;4 040;79;3 045;17 448;0;
252;251;0x0000000I64X;2;B;00:00:08:366;1350;27;;;;;41.464797;;10 800;1 023;0;1 462;0;;4;26;5 157;;739;27;321;1 022;0;
253;254;0x0000000I64X;8;P;00:00:08:466;6785;24;;;;;37.046891;;54 280;467;0;2 825;0;;747;1 587;15 057;;4 752;76;3 637;23 424;0;
254;253;0x0000000I64X;6;B;00:00:08:433;1213;28;;;;;40.878300;;9 704;1 058;0;1 276;0;;18;34;4 338;;719;21;369;936;0;
255;256;0x0000000I64X;12;P;00:00:08:533;8200;24;;;;;37.973344;;65 600;436;0;3 178;0;;855;2 070;15 219;;5 626;103;4 464;31 881;0;
256;255;0x0000000I64X;10;B;00:00:08:500;1374;28;;;;;40.564674;;10 992;1 047;0;1 206;0;;4;15;5 104;;819;38;379;1 388;0;
257;258;0x0000000I64X;16;P;00:00:08:600;7794;24;;;;;37.378256;;62 352;573;0;3 113;0;;789;1 890;13 503;;5 089;105;4 306;31 167;0;
258;257;0x0000000I64X;14;B;00:00:08:566;1323;28;;;;;40.833579;;10 584;1 011;0;1 261;0;;4;23;4 748;;749;31;389;1 429;0;
259;260;0x0000000I64X;20;P;00:00:08:666;7236;24;;;;;36.609634;;57 888;557;0;2 916;0;;656;1 619;12 873;;5 098;78;4 105;28 304;0;
260;259;0x0000000I64X;18;B;00:00:08:633;1333;28;;;;;41.015879;;10 664;1 033;0;1 317;0;;14;37;5 012;;655;27;254;1 286;0;
261;262;0x0000000I64X;24;P;00:00:08:733;7483;25;;;;;38.042259;;59 864;554;0;3 127;0;;484;1 330;13 108;;5 163;58;3 985;30 517;0;
262;261;0x0000000I64X;22;B;00:00:08:700;1555;27;;;;;40.267384;;12 440;1 032;0;1 474;0;;17;30;5 768;;909;38;527;1 617;0;
263;263;0x0000000I64X;26;P;00:00:08:766;6922;25;;;;;40.051882;;55 376;516;0;3 032;0;;277;917;12 933;;5 059;28;4 173;27 065;0;
264;264;0x0000000I64X;28;P;00:00:08:800;10905;24;;;;;40.625317;;87 240;186;0;4 592;0;;1 183;3 919;16 032;;5 793;122;5 903;47 330;0;
265;266;0x0000000I64X;32;P;00:00:08:866;9639;24;;;;;37.407808;;77 112;446;0;3 215;0;;564;1 199;14 063;;6 438;77;5 214;44 335;0;
266;265;0x0000000I64X;30;B;00:00:08:833;1196;28;;;;;40.368417;;9 568;1 003;0;989;0;;0;5;4 540;;644;22;318;1 117;0;
267;268;0x0000000I64X;36;P;00:00:08:933;8791;24;;;;;36.973035;;70 328;501;0;2 947;0;;560;1 293;12 757;;6 014;69;4 912;39 660;0;
268;267;0x0000000I64X;34;B;00:00:08:900;1236;28;;;;;40.231902;;9 888;1 006;0;1 171;0;;5;14;4 448;;693;33;351;1 280;0;
269;270;0x0000000I64X;40;P;00:00:09:000;10362;24;;;;;38.666232;;82 896;272;0;3 924;0;;613;1 776;14 010;;6 394;82;5 897;48 541;0;
270;269;0x0000000I64X;38;B;00:00:08:966;1604;26;;;;;40.053378;;12 832;970;0;1 652;0;;30;75;5 759;;927;49;601;1 710;0;
271;272;0x0000000I64X;44;P;00:00:09:066;8704;23;;;;;36.827608;;69 632;415;0;3 789;0;;920;2 098;12 730;;5 468;101;5 190;36 932;0;
272;271;0x0000000I64X;42;B;00:00:09:033;1081;28;;;;;41.037641;;8 648;1 050;0;991;0;;18;41;3 852;;563;19;286;876;0;
273;276;0x0000000I64X;52;P;00:00:09:200;11911;24;;;;;37.756979;;95 288;336;0;3 271;0;;408;1 156;14 569;;6 789;56;5 310;62 083;0;
274;274;0x0000000I64X;48;B;00:00:09:133;2372;26;;;;;38.474245;;18 976;995;0;2 424;0;;46;91;6 499;;1 680;125;936;5 034;0;
275;273;0x0000000I64X;46;B;00:00:09:100;1236;28;;;;;38.611472;;9 888;999;0;1 128;0;;8;25;4 232;;740;30;343;1 430;0;
276;275;0x0000000I64X;50;B;00:00:09:166;989;27;;;;;36.999030;;7 912;1 042;0;1 119;0;;0;7;3 351;;445;14;201;754;0;
277;280;0x0000000I64X;60;P;00:00:09:333;7140;25;;;;;36.565848;;57 120;464;0;3 117;0;;747;1 721;16 043;;4 999;95;4 215;23 820;0;
278;278;0x0000000I64X;56;B;00:00:09:266;2059;26;;;;;38.218956;;16 472;1 034;0;1 361;0;;18;35;4 502;;1 769;176;1 017;5 549;0;
279;277;0x0000000I64X;54;B;00:00:09:233;724;28;;;;;39.100999;;5 792;1 046;0;911;0;;0;2;2 241;;331;2;144;218;0;
280;279;0x0000000I64X;58;B;00:00:09:300;1208;28;;;;;36.172441;;9 664;1 037;0;1 312;0;;4;9;4 054;;632;30;300;1 387;0;
281;282;0x0000000I64X;64;P;00:00:09:400;10089;25;;;;;38.393824;;80 712;533;0;3 600;0;;1 988;5 290;12 621;;4 104;237;4 385;45 048;0;
282;281;0x0000000I64X;62;B;00:00:09:366;1196;26;;;;;38.643783;;9 568;1 006;0;1 529;0;;13;33;4 117;;577;26;332;1 091;0;
283;284;0x0000000I64X;68;P;00:00:09:466;7503;25;;;;;38.085259;;60 024;417;0;3 901;0;;1 134;3 056;12 950;;4 572;124;4 568;26 929;0;
284;283;0x0000000I64X;66;B;00:00:09:433;1437;26;;;;;39.195566;;11 496;1 005;0;1 637;0;;53;61;5 169;;788;40;387;1 345;0;
285;286;0x0000000I64X;72;P;00:00:09:533;8897;25;;;;;38.475356;;71 176;299;0;4 256;0;;1 481;3 758;14 437;;4 441;161;4 763;35 117;0;
286;285;0x0000000I64X;70;B;00:00:09:500;1659;27;;;;;39.396453;;13 272;991;0;1 999;0;;46;97;5 923;;886;29;670;1 645;0;
287;287;0x0000000I64X;74;P;00:00:09:566;5381;25;;;;;39.844788;;43 048;731;0;2 369;0;;247;663;12 116;;4 343;24;3 247;17 839;0;
288;288;0x0000000I64X;76;P;00:00:09:600;4628;25;;;;;40.268259;;37 024;779;0;2 381;0;;390;934;11 853;;3 273;45;2 708;13 007;0;
289;289;0x0000000I64X;78;P;00:00:09:633;5649;25;;;;;39.935800;;45 192;669;0;2 560;0;;259;891;12 601;;4 348;28;3 333;19 103;0;
290;290;0x0000000I64X;80;P;00:00:09:666;5054;25;;;;;40.468554;;40 432;684;0;2 697;0;;511;1 506;11 579;;3 276;68;2 762;15 596;0;
291;291;0x0000000I64X;82;P;00:00:09:700;5083;25;;;;;40.535168;;40 664;705;0;2 471;0;;272;820;12 216;;3 937;28;2 833;15 944;0;
292;292;0x0000000I64X;84;P;00:00:09:733;5242;25;;;;;40.270462;;41 936;643;0;2 965;0;;665;1 604;11 806;;3 222;90;2 778;16 396;0;
293;293;0x0000000I64X;86;P;00:00:09:766;5694;25;;;;;40.190156;;45 552;618;0;2 960;0;;531;1 538;12 881;;3 847;61;2 854;18 584;0;
294;295;0x0000000I64X;90;P;00:00:09:833;8902;25;;;;;38.058343;;71 216;256;0;4 192;0;;1 048;3 262;16 908;;5 124;104;4 093;34 256;0;
295;294;0x0000000I64X;88;B;00:00:09:800;1912;27;;;;;39.789859;;15 296;1 003;0;1 981;0;;93;168;6 557;;1 232;32;867;2 219;0;
296;296;0x0000000I64X;92;P;00:00:09:866;5477;25;;;;;40.438821;;43 816;668;0;2 911;0;;520;1 259;11 497;;3 978;62;2 942;18 343;0;
297;298;0x0000000I64X;96;P;00:00:09:933;6770;26;;;;;38.789951;;54 160;557;0;3 291;0;;740;1 906;13 337;;4 269;96;3 287;24 994;0;
298;297;0x0000000I64X;94;B;00:00:09:900;1486;27;;;;;39.736960;;11 888;989;0;1 609;0;;16;60;5 674;;786;18;473;1 205;0;
299;300;0x0000000I64X;100;P;00:00:10:000;8745;25;;;;;38.079267;;69 960;311;0;4 268;0;;795;2 264;17 513;;5 445;92;3 972;33 595;0;
300;299;0x0000000I64X;98;B;00:00:09:966;2109;27;;;;;39.859446;;16 872;964;0;1 948;0;;78;154;7 599;;1 290;33;1 068;2 561;0;
301;301;0x0000000I64X;102;P;00:00:10:033;7044;25;;;;;40.467598;;56 352;395;0;3 248;0;;248;1 000;15 158;;5 466;26;3 562;25 848;0;
302;302;0x0000000I64X;104;P;00:00:10:066;4199;25;;;;;41.107167;;33 592;848;0;1 938;0;;244;626;9 768;;3 093;32;2 146;13 465;0;
303;304;0x0000000I64X;108;P;00:00:10:133;10105;25;;;;;37.724377;;80 840;151;0;4 489;0;;1 718;4 181;16 062;;5 469;158;4 606;41 487;0;
304;303;0x0000000I64X;106;B;00:00:10:100;1537;27;;;;;39.782158;;12 296;988;0;1 549;0;;15;52;5 821;;837;32;470;1 506;0;
305;306;0x0000000I64X;112;P;00:00:10:200;7609;25;;;;;38.131715;;60 872;376;0;3 295;0;;709;1 856;15 194;;5 590;103;3 856;28 267;0;
306;305;0x0000000I64X;110;B;00:00:10:166;1288;27;;;;;40.485534;;10 304;975;0;1 288;0;;20;63;4 519;;762;20;389;1 333;0;
307;308;0x0000000I64X;116;P;00:00:10:266;7420;25;;;;;38.476271;;59 360;457;0;3 117;0;;571;1 635;14 724;;5 338;73;3 995;27 832;0;
308;307;0x0000000I64X;114;B;00:00:10:233;1300;27;;;;;40.430732;;10 400;1 012;0;1 321;0;;16;42;4 593;;722;28;356;1 279;0;
309;310;0x0000000I64X;120;P;00:00:10:333;10283;24;;;;;38.003298;;82 264;197;0;4 588;0;;1 236;3 696;17 815;;5 678;125;4 758;42 150;0;
310;309;0x0000000I64X;118;B;00:00:10:300;1539;27;;;;;40.715947;;12 312;1 006;0;1 724;0;;31;65;5 899;;825;24;527;1 158;0;
311;312;0x0000000I64X;124;P;00:00:10:400;7013;24;;;;;36.534380;;56 104;558;0;2 669;0;;332;921;12 143;;5 355;41;3 761;28 799;0;
312;311;0x0000000I64X;122;B;00:00:10:366;1173;28;;;;;40.967920;;9 384;1 012;0;1 250;0;;0;14;4 137;;677;19;352;923;0;
313;314;0x0000000I64X;128;P;00:00:10:466;9145;25;;;;;38.455360;;73 160;484;0;2 817;0;;224;770;14 612;;6 249;20;4 170;42 453;0;
314;313;0x0000000I64X;126;B;00:00:10:433;1230;26;;;;;40.326325;;9 840;1 013;0;1 363;0;;0;12;4 369;;659;14;364;1 058;0;
315;316;0x0000000I64X;132;P;00:00:10:533;7764;24;;;;;36.820437;;62 112;600;0;2 508;0;;258;822;13 110;;5 801;38;3 803;33 719;0;
316;315;0x0000000I64X;130;B;00:00:10:500;1093;28;;;;;40.569855;;8 744;1 024;0;1 137;0;;16;48;3 811;;550;16;321;879;0;
317;318;0x0000000I64X;136;P;00:00:10:600;9007;24;;;;;37.323146;;72 056;491;0;2 463;0;;251;683;12 850;;6 365;28;4 441;43 115;0;
318;317;0x0000000I64X;134;B;00:00:10:566;1026;28;;;;;40.052283;;8 208;1 031;0;862;0;;0;5;3 700;;599;21;250;799;0;
319;320;0x0000000I64X;140;P;00:00:10:666;12079;25;;;;;37.751287;;96 632;453;0;2 576;0;;420;686;13 381;;6 319;58;4 893;66 408;0;
320;319;0x0000000I64X;138;B;00:00:10:633;1040;28;;;;;38.952905;;8 320;931;0;1 068;0;;5;3;3 505;;625;20;326;962;0;
321;324;0x0000000I64X;148;P;00:00:10:800;6346;25;;;;;36.738620;;50 768;623;0;2 505;0;;186;431;13 467;;5 107;28;3 404;23 664;0;
322;322;0x0000000I64X;144;B;00:00:10:733;2973;27;;;;;37.690653;;23 784;920;0;1 988;0;;5;26;5 363;;2 910;340;1 396;9 671;0;
323;321;0x0000000I64X;142;B;00:00:10:700;850;29;;;;;39.822102;;6 800;1 033;0;836;0;;5;14;2 697;;444;26;178;652;0;
324;323;0x0000000I64X;146;B;00:00:10:766;1101;29;;;;;36.371357;;8 808;1 002;0;1 461;0;;0;0;3 909;;508;11;244;611;0;
325;326;0x0000000I64X;152;P;00:00:10:866;6683;25;;;;;36.607355;;53 464;623;0;2 802;0;;553;1 209;14 499;;4 723;76;3 587;23 651;0;
326;325;0x0000000I64X;150;B;00:00:10:833;1198;28;;;;;39.924155;;9 584;1 007;0;1 511;0;;12;8;4 468;;594;14;290;666;0;
327;328;0x0000000I64X;156;P;00:00:10:933;7444;25;;;;;37.759642;;59 552;654;0;2 826;0;;698;1 879;12 404;;4 841;103;3 844;30 350;0;
328;327;0x0000000I64X;154;B;00:00:10:900;1251;28;;;;;39.647144;;10 008;1 013;0;1 391;0;;8;23;4 438;;697;24;348;1 006;0;
329;330;0x0000000I64X;160;P;00:00:11:000;6519;25;;;;;36.944641;;52 152;637;0;3 018;0;;527;1 363;12 300;;4 663;88;3 412;24 429;0;
330;329;0x0000000I64X;158;B;00:00:10:966;1264;28;;;;;39.874891;;10 112;1 024;0;1 472;0;;0;26;4 700;;580;16;342;930;0;
331;332;0x0000000I64X;164;P;00:00:11:066;6558;25;;;;;37.985438;;52 464;561;0;2 964;0;;690;1 712;12 776;;4 859;86;3 483;23 411;0;
332;331;0x0000000I64X;162;B;00:00:11:033;1376;27;;;;;39.961791;;11 008;1 023;0;1 488;0;;0;19;5 212;;756;20;432;1 029;0;
333;334;0x0000000I64X;168;P;00:00:11:133;6619;25;;;;;37.823711;;52 952;583;0;3 030;0;;818;1 965;12 954;;4 665;98;3 532;23 358;0;
334;333;0x0000000I64X;166;B;00:00:11:100;1289;28;;;;;40.012265;;10 312;997;0;1 368;0;;11;38;4 670;;731;18;349;1 109;0;
335;336;0x0000000I64X;172;P;00:00:11:200;7838;25;;;;;37.544218;;62 704;502;0;3 857;0;;1 040;2 726;12 930;;4 649;114;3 635;31 158;0;
336;335;0x0000000I64X;170;B;00:00:11:166;1446;27;;;;;39.972244;;11 568;1 009;0;1 668;0;;7;51;5 300;;771;25;385;1 408;0;
337;338;0x0000000I64X;176;P;00:00:11:266;6726;25;;;;;38.131759;;53 808;483;0;3 539;0;;781;2 402;13 191;;4 674;83;3 537;23 161;0;
338;337;0x0000000I64X;174;B;00:00:11:233;1641;27;;;;;40.747057;;13 128;1 028;0;1 659;0;;30;64;5 826;;1 016;29;605;1 849;0;
339;340;0x0000000I64X;180;P;00:00:11:333;7869;25;;;;;38.068138;;62 952;350;0;4 089;0;;1 161;2 727;14 791;;5 035;156;4 109;28 518;0;
340;339;0x0000000I64X;178;B;00:00:11:300;1546;27;;;;;40.638616;;12 368;955;0;1 581;0;;21;55;5 588;;897;34;626;1 691;0;
341;342;0x0000000I64X;184;P;00:00:11:400;7698;25;;;;;38.580248;;61 584;326;0;4 144;0;;1 301;3 541;14 153;;4 794;130;4 030;26 777;0;
342;341;0x0000000I64X;182;B;00:00:11:366;1727;26;;;;;40.799186;;13 816;1 003;0;1 671;0;;53;83;6 847;;938;31;569;1 525;0;
343;344;0x0000000I64X;188;P;00:00:11:466;9273;25;;;;;37.840645;;74 184;241;0;4 085;0;;1 229;3 412;15 483;;5 824;122;4 552;36 964;0;
344;343;0x0000000I64X;186;B;00:00:11:433;1612;27;;;;;40.450504;;12 896;1 011;0;1 805;0;;84;133;5 658;;882;25;607;1 580;0;
345;346;0x0000000I64X;192;P;00:00:11:533;6700;25;;;;;37.649277;;53 600;568;0;2 868;0;;732;1 460;12 901;;4 943;90;3 693;24 614;0;
346;345;0x0000000I64X;190;B;00:00:11:500;1415;27;;;;;40.607192;;11 320;1 005;0;1 535;0;;21;45;4 983;;749;27;446;1 461;0;
347;348;0x0000000I64X;196;P;00:00:11:600;10916;24;;;;;37.826572;;87 328;181;0;4 451;0;;1 228;3 862;16 974;;6 046;104;5 339;46 929;0;
348;347;0x0000000I64X;194;B;00:00:11:566;1727;27;;;;;40.494319;;13 816;970;0;1 896;0;;15;49;6 493;;1 030;31;676;1 593;0;
349;350;0x0000000I64X;200;P;00:00:11:666;6611;24;;;;;37.165041;;52 888;576;0;2 603;0;;576;1 188;12 350;;5 291;75;3 564;25 055;0;
350;349;0x0000000I64X;198;B;00:00:11:633;1239;28;;;;;41.135965;;9 912;1 049;0;1 216;0;;13;24;4 321;;687;25;356;1 202;0;
351;352;0x0000000I64X;204;P;00:00:11:733;7360;24;;;;;37.971022;;58 880;621;0;2 763;0;;572;1 365;12 653;;5 339;63;3 937;30 025;0;
352;351;0x0000000I64X;202;B;00:00:11:700;1230;27;;;;;40.938788;;9 840;1 028;0;1 164;0;;4;5;4 360;;696;26;360;1 249;0;
353;354;0x0000000I64X;208;P;00:00:11:800;7009;24;;;;;38.293849;;56 072;556;0;2 829;0;;679;1 605;13 150;;5 037;69;3 956;26 436;0;
354;353;0x0000000I64X;206;B;00:00:11:766;1257;27;;;;;41.063659;;10 056;1 047;0;1 226;0;;0;6;4 662;;720;25;382;967;0;
355;358;0x0000000I64X;216;P;00:00:11:933;9013;24;;;;;36.775861;;72 104;452;0;3 481;0;;973;2 613;15 490;;5 671;111;4 389;37 094;0;
356;356;0x0000000I64X;212;B;00:00:11:866;2640;26;;;;;39.200241;;21 120;910;0;2 459;0;;41;76;7 830;;2 234;103;1 265;5 017;0;
357;355;0x0000000I64X;210;B;00:00:11:833;1365;28;;;;;40.503958;;10 920;993;0;1 385;0;;8;18;5 084;;755;21;395;1 206;0;
358;357;0x0000000I64X;214;B;00:00:11:900;1440;29;;;;;37.159437;;11 520;1 006;0;1 474;0;;13;16;4 793;;967;41;491;1 646;0;
359;360;0x0000000I64X;220;P;00:00:12:000;7223;24;;;;;36.751745;;57 784;539;0;3 027;0;;831;1 932;14 057;;5 088;88;3 857;26 570;0;
360;359;0x0000000I64X;218;B;00:00:11:966;1466;28;;;;;41.071348;;11 728;998;0;1 400;0;;4;15;5 028;;949;38;477;1 800;0;
361;362;0x0000000I64X;224;P;00:00:12:066;8137;24;;;;;38.359695;;65 096;487;0;3 269;0;;790;2 067;15 019;;5 733;74;4 198;31 596;0;
362;361;0x0000000I64X;222;B;00:00:12:033;1306;26;;;;;41.041689;;10 448;1 000;0;1 266;0;;18;50;4 675;;772;29;376;1 316;0;
363;364;0x0000000I64X;228;P;00:00:12:133;7479;24;;;;;38.015690;;59 832;571;0;2 890;0;;559;1 309;13 057;;5 456;67;4 315;29 912;0;
364;363;0x0000000I64X;226;B;00:00:12:100;1285;27;;;;;40.560436;;10 280;1 026;0;1 295;0;;0;15;4 498;;774;32;381;1 295;0;
365;366;0x0000000I64X;232;P;00:00:12:200;11328;25;;;;;36.956690;;90 624;510;0;2 777;0;;612;1 206;14 241;;5 861;77;4 838;58 931;0;
366;365;0x0000000I64X;230;B;00:00:12:166;1365;28;;;;;38.707754;;10 920;998;0;1 548;0;;14;25;4 693;;783;39;454;1 378;0;
367;370;0x0000000I64X;240;P;00:00:12:333;8770;25;;;;;38.485512;;70 160;291;0;3 929;0;;792;2 318;14 685;;5 568;108;5 243;35 144;0;
368;368;0x0000000I64X;236;B;00:00:12:266;5183;28;;;;;35.676493;;41 464;892;0;2 883;0;;20;48;6 041;;3 917;554;2 280;23 715;0;
369;367;0x0000000I64X;234;B;00:00:12:233;1149;29;;;;;38.705899;;9 192;1 006;0;1 224;0;;7;22;3 678;;716;42;383;1 170;0;
370;369;0x0000000I64X;238;B;00:00:12:300;1204;26;;;;;36.502674;;9 632;948;0;1 463;0;;9;33;3 871;;759;28;432;1 128;0;
371;372;0x0000000I64X;244;P;00:00:12:400;8483;25;;;;;37.762298;;67 864;315;0;3 817;0;;1 070;2 656;18 787;;5 482;105;4 936;28 506;0;
372;371;0x0000000I64X;242;B;00:00:12:366;1296;27;;;;;39.697363;;10 368;988;0;1 467;0;;31;34;4 050;;712;38;457;1 746;0;
373;374;0x0000000I64X;248;P;00:00:12:466;7608;25;;;;;37.646958;;60 864;517;0;3 154;0;;899;1 993;14 344;;4 459;110;4 123;29 235;0;
374;373;0x0000000I64X;246;B;00:00:12:433;1323;27;;;;;39.700747;;10 584;1 008;0;1 319;0;;30;36;4 747;;670;27;287;1 454;0;
375;376;0x0000000I64X;252;P;00:00:12:533;7002;25;;;;;36.165380;;56 016;554;0;2 975;0;;689;1 744;14 145;;4 585;89;3 952;25 485;0;
376;375;0x0000000I64X;250;B;00:00:12:500;1257;29;;;;;39.864953;;10 056;1 021;0;1 187;0;;20;45;4 612;;645;26;314;1 265;0;
377;378;0x0000000I64X;256;P;00:00:12:600;8021;25;;;;;37.117538;;64 168;453;0;3 516;0;;1 259;2 687;14 704;;4 606;134;4 168;30 343;0;
378;377;0x0000000I64X;254;B;00:00:12:566;1485;28;;;;;39.894619;;11 880;1 028;0;1 572;0;;48;92;5 217;;786;44;403;1 718;0;
379;380;0x0000000I64X;260;P;00:00:12:666;6524;25;;;;;38.455818;;52 192;533;0;3 264;0;;837;2 013;13 503;;4 089;92;3 603;22 334;0;
380;379;0x0000000I64X;258;B;00:00:12:633;1456;27;;;;;40.426923;;11 648;1 016;0;1 467;0;;16;48;5 271;;839;20;485;1 472;0;
381;382;0x0000000I64X;264;P;00:00:12:733;7457;25;;;;;37.368826;;59 656;461;0;3 308;0;;1 090;2 425;14 834;;4 456;135;3 616;27 428;0;
382;381;0x0000000I64X;262;B;00:00:12:700;1768;27;;;;;39.957698;;14 144;1 003;0;1 945;0;;29;87;6 070;;1 043;55;635;2 192;0;
383;384;0x0000000I64X;268;P;00:00:12:800;10677;25;;;;;37.805812;;85 416;223;0;4 518;0;;2 059;4 844;15 263;;4 946;237;5 025;45 169;0;
384;383;0x0000000I64X;266;B;00:00:12:766;1693;27;;;;;39.136651;;13 544;1 000;0;1 633;0;;43;95;6 145;;977;42;601;1 957;0;
385;386;0x0000000I64X;272;P;00:00:12:866;7757;26;;;;;37.304481;;62 056;417;0;3 328;0;;780;1 918;14 861;;4 767;89;4 170;29 939;0;
386;385;0x0000000I64X;270;B;00:00:12:833;1635;28;;;;;39.489678;;13 080;993;0;1 278;0;;19;76;5 667;;1 041;38;691;2 335;0;
387;388;0x0000000I64X;276;P;00:00:12:933;11383;25;;;;;37.211890;;91 064;167;0;4 268;0;;1 656;4 132;17 530;;5 366;150;5 057;50 267;0;
388;387;0x0000000I64X;274;B;00:00:12:900;1609;28;;;;;38.905926;;12 872;964;0;1 911;0;;23;50;5 469;;984;34;533;2 012;0;
389;390;0x0000000I64X;280;P;00:00:13:000;11976;25;;;;;36.543797;;95 808;225;0;4 119;0;;1 548;2 869;17 845;;6 057;204;5 492;55 354;0;
390;389;0x0000000I64X;278;B;00:00:12:966;1666;28;;;;;38.636166;;13 328;988;0;1 257;0;;7;34;5 509;;1 199;71;793;2 506;0;
391;392;0x0000000I64X;284;P;00:00:13:066;6360;26;;;;;36.901830;;50 880;684;0;2 581;0;;498;949;11 820;;4 118;67;3 357;25 135;0;
392;391;0x0000000I64X;282;B;00:00:13:033;1428;28;;;;;38.778027;;11 424;1 006;0;1 634;0;;33;51;5 062;;804;50;375;1 325;0;
393;394;0x0000000I64X;288;P;00:00:13:133;10715;26;;;;;36.384507;;85 720;490;0;3 590;0;;2 256;5 269;14 357;;4 141;299;3 943;48 471;0;
394;393;0x0000000I64X;286;B;00:00:13:100;1607;29;;;;;38.608106;;12 856;1 024;0;1 872;0;;35;61;5 477;;905;58;570;1 886;0;
395;396;0x0000000I64X;292;P;00:00:13:200;8363;26;;;;;37.397830;;66 904;259;0;4 217;0;;1 800;4 343;12 799;;4 244;164;4 498;31 801;0;
396;395;0x0000000I64X;290;B;00:00:13:166;1775;28;;;;;39.045645;;14 200;952;0;1 859;0;;20;42;6 192;;1 157;44;702;2 218;0;
397;398;0x0000000I64X;296;P;00:00:13:266;11107;25;;;;;38.222648;;88 856;103;0;5 160;0;;2 537;6 667;13 534;;4 554;202;5 081;47 546;0;
398;397;0x0000000I64X;294;B;00:00:13:233;1705;26;;;;;39.450250;;13 640;991;0;1 614;0;;63;155;5 985;;944;33;579;2 211;0;
399;400;0x0000000I64X;300;P;00:00:13:333;8663;25;;;;;37.873122;;69 304;341;0;3 857;0;;1 095;3 439;13 608;;4 725;122;4 241;35 457;0;
400;399;0x0000000I64X;298;B;00:00:13:300;1605;27;;;;;39.970378;;12 840;994;0;1 700;0;;52;91;5 972;;883;34;490;1 579;0;
401;402;0x0000000I64X;304;P;00:00:13:400;8282;25;;;;;37.660772;;66 256;409;0;3 483;0;;744;2 137;14 828;;5 520;76;4 166;32 957;0;
402;401;0x0000000I64X;302;B;00:00:13:366;1562;28;;;;;40.125734;;12 496;1 005;0;1 385;0;;15;35;5 732;;1 023;42;504;1 766;0;
403;404;0x0000000I64X;308;P;00:00:13:466;8539;25;;;;;37.521824;;68 312;480;0;3 079;0;;685;1 912;15 014;;5 647;88;4 126;35 518;0;
404;403;0x0000000I64X;306;B;00:00:13:433;1571;28;;;;;39.701157;;12 568;975;0;1 369;0;;35;82;5 032;;1 063;48;551;2 372;0;
405;408;0x0000000I64X;316;P;00:00:13:600;15929;26;;;;;31.093751;;127 432;252;0;4 304;0;;2 619;5 576;17 265;;4 714;332;4 861;84 806;0;
406;406;0x0000000I64X;312;B;00:00:13:533;5813;31;;;;;33.572282;;46 504;807;0;3 423;0;;434;816;9 713;;4 223;566;2 276;22 921;0;
407;405;0x0000000I64X;310;B;00:00:13:500;1834;31;;;;;38.345813;;14 672;962;0;1 610;0;;34;79;5 081;;1 478;141;766;3 472;0;
408;407;0x0000000I64X;314;B;00:00:13:566;963;34;;;;;33.379353;;7 704;920;0;670;0;;19;24;3 876;;477;26;183;750;0;
409;411;0x0000000I64X;322;P;00:00:13:700;10252;25;;;;;35.068231;;82 016;292;0;3 807;0;;773;1 920;18 340;;6 127;90;5 265;43 603;0;
410;409;0x0000000I64X;318;B;00:00:13:633;4155;29;;;;;39.562192;;33 240;906;0;2 881;0;;55;138;8 330;;3 090;374;1 416;14 926;0;
411;410;0x0000000I64X;320;B;00:00:13:666;2832;29;;;;;35.584530;;22 656;905;0;2 711;0;;107;219;6 744;;2 257;236;1 104;7 185;0;
412;415;0x0000000I64X;330;P;00:00:13:833;12189;24;;;;;35.171837;;97 512;282;0;3 450;0;;622;1 414;20 127;;6 611;77;5 544;57 887;0;
413;413;0x0000000I64X;326;B;00:00:13:766;5783;29;;;;;35.067864;;46 264;771;0;4 953;0;;543;1 059;11 781;;4 168;496;2 720;18 028;0;
414;412;0x0000000I64X;324;B;00:00:13:733;3638;30;;;;;39.579466;;29 104;942;0;4 084;0;;554;990;8 034;;2 260;251;1 472;8 821;0;
415;414;0x0000000I64X;328;B;00:00:13:800;1629;29;;;;;33.969512;;13 032;1 022;0;1 947;0;;84;135;5 965;;764;37;503;1 447;0;
416;418;0x0000000I64X;336;P;00:00:13:933;17041;24;;;;;35.667226;;136 328;241;0;3 847;0;;1 157;2 517;20 760;;6 331;142;5 811;93 943;0;
417;416;0x0000000I64X;332;B;00:00:13:866;3569;29;;;;;39.695262;;28 552;915;0;3 469;0;;155;283;8 460;;2 419;277;1 279;10 003;0;
418;417;0x0000000I64X;334;B;00:00:13:900;4765;29;;;;;35.701308;;38 120;901;0;3 824;0;;1 052;2 065;8 169;;2 400;347;1 627;15 728;0;
419;422;0x0000000I64X;344;P;00:00:14:066;15085;24;;;;;35.655182;;120 680;321;0;3 428;0;;617;1 533;16 863;;7 268;89;5 585;83 670;0;
420;420;0x0000000I64X;340;B;00:00:14:000;2772;28;;;;;37.570625;;22 176;960;0;2 550;0;;37;66;7 376;;2 006;178;1 214;6 613;0;
421;419;0x0000000I64X;338;B;00:00:13:966;1341;30;;;;;39.500229;;10 728;960;0;965;0;;4;14;3 731;;964;89;445;2 753;0;
422;421;0x0000000I64X;342;B;00:00:14:033;3459;29;;;;;35.363088;;27 672;931;0;3 167;0;;420;805;8 190;;2 034;274;1 223;9 009;0;
423;426;0x0000000I64X;352;P;00:00:14:200;13573;24;;;;;34.747317;;108 584;287;0;2 995;0;;584;1 228;16 914;;7 812;55;5 458;72 047;0;
424;424;0x0000000I64X;348;B;00:00:14:133;2058;27;;;;;37.860957;;16 464;982;0;2 200;0;;108;166;5 841;;1 255;67;689;3 937;0;
425;423;0x0000000I64X;346;B;00:00:14:100;1010;29;;;;;39.290306;;8 080;982;0;856;0;;4;6;3 579;;476;22;215;1 031;0;
426;425;0x0000000I64X;350;B;00:00:14:166;1032;30;;;;;35.539883;;8 256;1 003;0;1 002;0;;4;18;3 304;;547;26;214;1 201;0;
427;430;0x0000000I64X;360;P;00:00:14:333;10337;24;;;;;35.629505;;82 696;371;0;2 878;0;;309;703;16 118;;7 372;36;4 868;48 811;0;
428;428;0x0000000I64X;356;B;00:00:14:266;1992;27;;;;;38.170903;;15 936;936;0;1 961;0;;8;17;5 689;;1 610;104;746;3 705;0;
429;427;0x0000000I64X;354;B;00:00:14:233;1032;28;;;;;39.952459;;8 256;1 026;0;1 158;0;;0;6;3 717;;457;16;154;642;0;
430;429;0x0000000I64X;358;B;00:00:14:300;1084;29;;;;;36.161091;;8 672;1 015;0;1 253;0;;4;11;3 636;;549;16;251;853;0;
431;434;0x0000000I64X;368;P;00:00:14:466;8596;25;;;;;35.739040;;68 768;429;0;2 884;0;;507;1 103;14 853;;6 445;69;4 181;36 875;0;
432;432;0x0000000I64X;364;B;00:00:14:400;1904;27;;;;;38.237256;;15 232;965;0;1 834;0;;20;40;5 428;;1 443;88;730;3 528;0;
433;431;0x0000000I64X;362;B;00:00:14:366;1121;29;;;;;39.949765;;8 968;985;0;1 189;0;;0;7;3 670;;597;23;270;1 217;0;
434;433;0x0000000I64X;366;B;00:00:14:433;1146;30;;;;;35.803229;;9 168;976;0;1 310;0;;0;3;3 722;;669;40;248;1 097;0;
435;438;0x0000000I64X;376;P;00:00:14:600;5150;26;;;;;35.823017;;41 200;775;0;2 057;0;;254;600;11 258;;4 057;32;2 627;18 111;0;
436;436;0x0000000I64X;372;B;00:00:14:533;2394;27;;;;;37.523145;;19 152;903;0;2 138;0;;4;16;5 656;;2 147;155;943;5 968;0;
437;435;0x0000000I64X;370;B;00:00:14:500;1184;30;;;;;39.341903;;9 472;1 023;0;1 099;0;;0;5;3 570;;754;53;333;1 596;0;
438;437;0x0000000I64X;374;B;00:00:14:566;1107;30;;;;;35.939504;;8 856;982;0;1 320;0;;0;13;3 685;;596;11;317;857;0;
439;441;0x0000000I64X;382;P;00:00:14:700;11810;26;;;;;34.236068;;94 480;162;0;3 438;0;;871;2 717;20 549;;6 707;129;4 477;53 747;0;
440;439;0x0000000I64X;378;B;00:00:14:633;5562;29;;;;;37.946034;;44 496;906;0;4 291;0;;648;1 220;7 591;;3 102;495;1 841;22 758;0;
441;440;0x0000000I64X;380;B;00:00:14:666;3285;30;;;;;34.587183;;26 280;991;0;3 521;0;;428;738;5 951;;2 117;249;1 371;9 333;0;
442;445;0x0000000I64X;390;P;00:00:14:833;4637;28;;;;;33.512735;;37 096;736;0;2 129;0;;480;1 233;13 271;;3 214;74;2 246;11 808;0;
443;443;0x0000000I64X;386;B;00:00:14:766;2763;28;;;;;36.911645;;22 104;941;0;1 546;0;;12;17;5 674;;2 592;305;1 106;8 776;0;
444;442;0x0000000I64X;384;B;00:00:14:733;1242;30;;;;;36.462547;;9 936;1 019;0;1 499;0;;5;9;4 483;;635;17;248;961;0;
445;444;0x0000000I64X;388;B;00:00:14:800;867;31;;;;;34.562530;;6 936;951;0;462;0;;4;10;2 919;;516;27;249;979;0;
